Country,GDP_per_capita,Population,Energy_consumption_per_capita,Renewable_energy_pct,Industrial_production_index,Forest_area_pct,Urbanization_rate,Education_index,Healthcare_expenditure_pct,CO2_emissions_per_capita
Country_1,14706.678416035465,5591068.884416116,33.938356112252144,35.18987037823899,89.48489390279005,84.43369383039627,65.43825011574432,0.8460594427207863,5.0792458172396175,4.543731656371154
Country_2,6864.255327886165,7581160.0708198575,100.64495493910277,19.367057288608112,78.96605514405464,65.40775117956906,32.098651838580324,0.9486904434242867,3.6567013105883683,4.429703066804596
Country_3,17627.69009823491,16594416.88893998,167.344542349235,16.59727742640538,193.57863373398953,24.871160799768123,45.70555566397111,0.9225704412928207,3.8149332917416166,5.076604326433156
Country_4,50394.424739351656,15882097.319080584,172.80570526777944,44.745212808739815,73.20456113767594,28.77198866817978,78.7945745275136,0.7636526773780649,5.050770904826126,5.76318260540144
Country_5,6118.1555559277285,413948.12708639057,115.05388793024278,14.489195883537395,100.70957255449909,86.13058822929551,88.2846636436103,0.8912108787250262,1.2833871959221836,4.671298604571149
Country_6,6118.276092910489,800716.6675979949,260.7008541476563,7.211030391744789,329.8868673619066,51.61038582065007,73.08709570648941,0.9572899945225498,8.323692987755667,6.102006525393947
Country_7,53909.14338570145,7078360.710621287,182.68412805663098,31.979293928043024,103.2926138121529,60.31764054974459,63.56200183361206,0.9156087140460667,3.167268812810857,5.744515881500081
Country_8,20351.739676050736,7065108.46460282,242.2925944821232,27.816644574903794,47.8177755941074,51.466554734894565,52.67714150106545,0.9163343562910777,4.529031609031101,4.95542235866901
Country_9,4612.986406986283,7078492.572126001,36.70537384929725,29.192484190058487,35.04705682774747,55.45163067736835,42.04502595984593,0.8253751913395313,12.44297586021764,4.196571342856624
Country_10,15538.43719563702,1057419386.7782029,392.0130740594516,41.93536340830051,43.53070716200833,61.2036537934655,89.13650773640433,0.6265895505833656,8.405424610842335,4.9361505919057755
Country_11,4646.635873209449,7696958.170946468,457.82911593116245,42.808630175239024,265.27399548853634,50.97018613137207,77.60113868904757,0.8370960582039199,2.387921453356178,5.997087673259627
Country_12,4633.761775535626,17954448.334431235,182.05065888311682,27.90867236708392,93.15950281001324,94.94549579584258,49.21282823323893,0.7511614770864187,0.3964795581159163,4.075625546571893
Country_13,10833.02617184109,13673943.496194173,599.3706641904892,22.262848437785383,470.26811926952456,60.561287213274994,67.34386008864142,0.8770654237101753,7.206095792457248,6.9118277461359545
Country_14,815.7139209399085,8684816.916062046,511.5041656411146,14.057219730582496,303.0399341142296,40.52572345978729,40.96421514053409,0.5751740221548454,4.642093091019932,5.279323661155766
Country_15,1022.594803506114,2037218.8626176598,264.6391841532996,8.149904890478131,373.3589604727447,68.61521126384514,64.25262607661908,0.5961189579244497,6.030413255569176,4.996609063573979
Country_16,4126.789260778832,10205668.209699312,413.1494632036259,26.849980040094295,235.64396039703465,67.1866344497981,75.33674321525726,0.8332404873612452,8.246105658720191,5.774948701232184
Country_17,2403.3110160543138,1025573.1430107076,344.0524248256498,39.00374261490002,187.8003358217195,32.53110227649563,59.740620945681776,0.8076274436830374,8.9950497668257,5.307433735001167
Country_18,11814.6645709251,2291625.822750035,27.112970090369302,48.72587452714537,77.06401155769319,75.75781688682946,66.59921173027924,0.9283786404922588,4.08924918405439,4.932447220243757
Country_19,2725.4017008104574,1578451.2113334218,134.24963189459464,52.87348176420197,133.05799977861946,51.88379030091275,46.830958400278774,0.9423488277438151,4.999757946346688,5.227654179610162
Country_20,1488.0704480584627,3696182.94668066,277.52307735597367,53.18106664092891,198.65870035074335,38.30288094432688,84.92495808690722,0.8897712737371111,6.723755533221792,5.027987377826499
Country_21,47041.17319850284,105264611.7648134,477.7257298378545,32.056304236104914,227.53247408022813,61.59652719801147,78.7231877754087,0.7676758391940456,6.982230554940649,5.730296493236778
Country_22,6179.968413880835,198610.76054261037,44.444391831435254,15.7576078601011,60.151457190251755,61.49586126858725,61.713277906038165,0.827422932362858,5.995330307378758,4.0011721997852145
Country_23,8787.045781528635,9151151.584498074,29.298907198157803,21.79473149723952,118.13793472168723,16.626337813377567,60.849276246006276,0.7026914815459067,11.675997212966141,4.306524043401788
Country_24,1466.013625209893,290955.66867210035,159.5978494256897,34.76448041242296,126.69577756893074,91.23033247932216,83.53496400392741,0.9074154774461272,6.9368503379204975,5.013561256709825
Country_25,4216.415888220968,1610575.6204876513,16.8862845395904,30.508209627498623,123.63768537552431,46.26970487938045,69.58823924346238,0.8048366574011245,8.176526508799997,3.669650227120153
Country_26,9256.739017232909,16741913.029703123,155.42403442300184,41.10151238583872,65.97315894827537,56.3115506304662,61.30806507933336,0.9147548413800376,6.29839992923887,4.695921802411833
Country_27,2036.1330150497192,3599912.2518501077,218.6154516970936,23.84113862023677,349.24164437367995,56.94190368366006,40.274011184122855,0.8476531989423067,2.7058667716303195,6.051188539448514
Country_28,12718.81436199562,649126.4618048046,72.39257955229913,30.555856203807995,115.68272702260694,72.56732189724086,59.55669160584925,0.8261252521322707,3.521881330758278,4.720026180121178
Country_29,3941.172599489939,1117991.618847,158.7050791969167,22.431198667381725,69.33595467207907,75.5700969840356,81.89348849040505,0.6742174608327245,2.315873053282722,4.353572329987788
Country_30,5709.961158416752,9060153.52646941,322.8847676216387,22.83035041843001,353.9940793061197,67.15548740248583,32.53210782260796,0.9296993921411119,9.569338317380556,5.978343637778881
Country_31,3936.1251949435928,1093014.5208917786,107.15540770010854,60.1389322500987,303.1999594499584,15.136000744504749,34.09829745448889,0.8420282367682143,1.722821940935726,4.897821837509362
Country_32,74812.01814249824,4523008.303842037,83.83217977007256,18.61016376343618,145.17063402926266,30.363385810315197,55.42764222175548,0.8649463177842042,4.873937168897519,4.75552439454975
Country_33,7972.89808826628,3500294.8293033363,153.2274390540714,33.22376533914183,34.79202412901311,70.83770135126598,56.74765031839566,0.940549406473355,4.233129954330414,5.28605646200607
Country_34,2277.3024493788594,1230091.9474650403,65.5586703739459,15.35906531023021,98.78666189696384,57.71297451182708,82.17611662442496,0.8625250252624862,4.162883079724155,3.854416482123896
Country_35,21743.146741583656,81483909.88431962,570.7409999532163,58.95945688191788,40.91202601945959,61.447998510449274,56.13553316777931,0.9364799360241752,4.39615932863918,5.604959303212791
Country_36,1872.4211781037932,8460159.065523768,171.26074805646155,13.601113584966546,179.8186617407372,69.58514756575714,68.99040465523349,0.7338950888111243,12.909070463232233,4.663935664904159
Country_37,10411.188394277304,156730.98134688323,91.67015072834019,14.52923245069306,94.3965708302159,70.8866997575235,70.91411817531672,0.8151595802744631,1.209303648047097,4.90725488493162
Country_38,771.5456583669305,4323956.822536981,195.84570915616604,46.96325075583425,131.0993449543223,77.53924386483013,70.62957125996317,0.8385279373149496,10.863943623457596,3.2570079680191073
Country_39,1646.1207551289422,1211440.0123771385,152.58169808050127,34.70548878739906,336.69744970642535,57.356329000472726,77.40703594568281,0.6437347059188641,4.633744631070135,4.752801636154261
Country_40,10262.31249847214,11741615.885399977,139.73624601945573,22.43778179558153,89.95957908184123,56.315448960338735,71.43232418191332,0.9545387055536896,8.662126863944835,5.509947226531124
Country_41,19656.432078881502,995717.5304234014,107.1319894697615,38.0680807328598,175.38789835629018,55.15531985911017,40.43919004375252,0.8209340515192123,5.598232459113188,5.793764623124073
Country_42,9953.125858291209,2752156.4825200355,102.833340991524,25.273846971971754,206.1746953805456,65.45379814720131,58.363651029685236,0.8946084336091883,2.4897500989759864,4.532003537813113
Country_43,7053.096795513801,6972475.735650911,37.60351887421551,19.184179202086682,260.6959511857989,76.70581206250093,84.25239844013913,0.8341229629194771,11.447922333875841,5.11761200851336
Country_44,5645.8473143473875,11978606.095529716,412.7340682772812,21.777087913042305,125.32182860984247,65.96940999979756,79.42895839722117,0.4399567166038508,10.46781713857284,4.895320008315223
Country_45,1374.4014573170825,540124.7386779208,252.73029103515654,54.69541833338391,117.38524318639583,90.79593832527686,62.422873284636474,0.9317373971820774,2.6230861222428388,4.390495076639435
Country_46,3415.8681279265847,1979288.8000235932,210.164615667898,43.202781936331334,115.68311376754777,53.15303630541397,80.2712868734367,0.708327174875834,7.524183448612314,4.660878559177218
Country_47,4662.1569034277,1603311.976826623,150.69200210010476,33.7528941637207,165.63411500677208,93.1127065366235,54.92607015442707,0.9457671645059457,3.6294178126778247,4.900552163066813
Country_48,28811.983446169437,1226906.0490737897,71.2391875660872,28.012255395997794,296.11779761740996,34.980741757132165,67.31430030649034,0.8222355300809042,1.780911957135129,5.901711720520833
Country_49,12238.499362927225,46185726.607200705,86.8497731981751,20.469271636460633,112.3987166562457,47.33117372816137,56.36551117310328,0.9244814433105273,3.1726236543432464,4.978694890749748
Country_50,976.8682716881541,6001215.358569379,42.2277623928349,19.782889115756618,17.187400628114492,21.279437447814328,81.34731686596815,0.9854222039448759,11.074722072910202,3.584770326727417
Country_51,11954.950785925073,493201.98179260397,96.35421393946335,42.00987516052238,219.3244539252129,35.39731398481128,60.905938879020184,0.7307132736649433,8.782747425464809,5.567384611939145
Country_52,5104.6198596170925,12952416.364825845,62.40143537190992,9.45684310647346,138.87823935712782,73.16430216896713,69.32512885657678,0.8088842637356556,4.428904860596862,4.11451760845946
Country_53,3596.41789401267,78863912.27107702,493.1346537425508,6.83369109310005,180.0518948749811,59.396364011228776,40.74540592580205,0.8260617287227209,11.10404070950937,5.26232958796203
Country_54,16882.14015604947,15381836.001490949,308.36150025857717,37.337115119161545,42.11815550654786,75.4699261289892,79.83090280413425,0.828585837528139,10.020118473183603,5.799598332549826
Country_55,27922.816435762536,334684.99368355767,176.85572935684723,18.14974593978299,94.63338244195803,58.57163341241357,55.233426183691826,0.6200167470284151,3.1760104192932124,5.6030112871471625
Country_56,24773.65682860063,1581127.7096565228,78.36941735157662,46.88203508208859,209.26726733205206,30.070107117654608,60.66570307037908,0.8518277258618092,12.6225285409398,4.9639655098338125
Country_57,2959.983497497595,21864321.77900769,65.41988835108519,44.18376196321603,54.90396157655879,53.601508932630814,72.28805857859992,0.8180135458643616,4.206423493417715,3.4248452998261976
Country_58,5591.17728196967,1130867.7332962889,143.281893028246,27.311956524215823,175.15820580298063,84.5189388973934,83.43152949538306,0.8439767638565225,4.579302535039769,5.094214743121445
Country_59,12058.391874907593,6361209.830958773,317.10843276503704,44.173923258299155,130.44433906689554,55.462605373147255,64.34284546808797,0.9374652687282334,1.2357628689172262,4.586941041844423
Country_60,26125.16101617885,10448312.918583672,43.464019499648316,45.149946593464634,81.8983975992912,61.78190747455648,56.236937131426956,0.7911295087334849,3.584747387802211,4.597711778573007
Country_61,4559.603352324157,813909.3642319797,250.4220385976046,51.43025110676812,77.51508577148773,68.59176792698972,65.94745958934631,0.7134275808266946,4.897329696194335,5.461482029624763
Country_62,6484.75442582472,2989784.789161361,95.99005983168513,19.848042283768557,66.4013558474948,18.38411342177925,75.06447849531432,0.9918276568327679,6.402632214824731,4.936067039822357
Country_63,2148.2267882829346,25288.347358377378,111.35713970662107,5.624495924290872,138.4331448201634,54.453389239269626,76.59392683520893,0.5254688678539505,2.4958498704724184,3.495598450743543
Country_64,1928.6046691981533,703215.4091411153,173.00958790930991,1.3096916111202184,148.26481545745466,59.26027591708254,75.31621605174304,0.9161796751594826,3.274497815282139,4.771836190659373
Country_65,21483.296106483005,2238122.2094524875,80.76137834193838,44.22153449338335,105.55472451160364,50.32984554569039,55.21588045547049,0.8492588939534688,12.777246342505379,4.786462755147235
Country_66,41253.3678915188,502989.8284221824,137.68267196458797,25.63288233480382,63.55400877361769,50.9355449963915,80.30362949179735,0.9337089765859542,9.648545016258,4.67767932564044
Country_67,7432.279252315193,37830149.78017067,74.81184392422972,12.008037150759632,172.2490522247817,77.69886043027209,74.67265838212708,0.921869106542834,10.659122666649818,4.935890785069446
Country_68,27017.483635319004,382616.2979863939,102.74419068533743,29.065486834137623,221.5952007393258,31.50399682534547,71.54362982486371,0.665663577027042,5.152774712083255,5.1382163902767815
Country_69,12505.992770657644,1689483.2483831316,284.4443802391387,24.8426499061781,190.5454319619061,86.68413328077953,69.96137936139756,0.8523062199130502,6.5149924536035915,5.2305045702022746
Country_70,3736.319423441815,3977288.508961579,179.82212084571944,27.311496256388505,381.7592350752227,86.13834158908695,71.34948928049354,0.7545361068283488,7.620706976078474,5.371053997838548
Country_71,12502.385269047689,28400290.54676998,283.7067825903314,23.10327453733966,118.95048186681242,81.57070300649619,72.30462715508918,0.5372228932879728,12.673160285646155,5.02265361703796
Country_72,51310.150637307044,379347.0533968971,94.92331580322274,39.77583849607771,280.0434977680976,19.387459216003656,67.42565389920672,0.6899599765960098,1.7516947662632307,5.700831907618826
Country_73,7762.104330823679,18713310.652834598,251.71637104867068,12.280995074610727,87.23940827972935,45.697440963351376,39.03824238717374,0.8395730552490003,3.822539578234802,4.7801487012701305
Country_74,52974.84127867804,3319582.538362193,32.480054748687834,24.431246570620367,78.1458479944523,80.11129258627558,36.469609650576906,0.905611079071041,6.168892772608604,4.51456587891924
Country_75,349.4309153685228,749931.4065735822,172.95179761951763,16.905503117317643,143.60221614221518,77.14949168231684,74.18111563525595,0.8598300786675467,5.619542602960255,4.6204671178156405
Country_76,21726.39164198019,6538087.251033058,263.4490505847476,36.30143517577401,314.843998046496,75.35970422342272,40.8519761275231,0.705414585179065,3.24691960378144,6.369323401846661
Country_77,8995.290862535605,4406492.340797356,31.02780554923627,15.939157930324251,110.89809411598792,52.18152276454258,59.8817760863848,0.6321455114549998,7.24444386753212,3.490611368265864
Country_78,5660.067967067596,1328650.979424513,95.88343664020903,9.80124610961424,42.093735182632095,59.1115169675436,74.37938805829042,0.6929250312067468,3.921128008910403,4.910356930411041
Country_79,9046.316450941325,3629854.517031106,172.86100212218142,32.587444392919906,219.2180195004547,60.575498966801014,75.68329465294276,0.8986303617786963,5.375341319531028,5.944568647888531
Country_80,746.1430236058129,1834036.0804696654,333.25606160959705,30.65108052415546,127.07839517412039,38.2823064765051,68.89651594680201,0.964024697404138,7.058942325073367,5.359989131285913
Country_81,6225.404720712394,3875851.8073997144,102.73291936139562,7.671218365016587,159.24419952451788,62.95013891143406,63.07203362723103,0.9410882957910621,4.0410851468791185,5.076375170029467
Country_82,12438.292348056628,8825854.751447883,244.84714398130504,47.286208414354206,80.88782922780904,59.65392418255361,52.56773010741702,0.906115954162475,8.368722669184947,4.637345460417561
Country_83,47737.5153789268,35287001.48551033,430.63748964738846,31.570110112731165,142.79730811096212,50.125473934345536,93.96871021452097,0.810641398147163,9.246983393234833,6.296069413590306
Country_84,4350.629116340098,510566.79572526965,252.81808391591616,20.630964194203894,47.00177945578191,88.71990263967807,71.35057600289636,0.9759697405168399,3.3296048498960187,4.392227840890646
Country_85,3071.1509620545835,80161191.72221354,141.803852192751,3.867293865424374,352.2297742347595,57.668669426731554,88.74185991593278,0.6127102020912966,3.90316220950307,4.979737411730587
Country_86,4437.700197513115,174882.27298362384,219.31970637553607,41.68670056078366,242.3893521864967,52.44556859710915,86.28511914268532,0.8613626902706125,2.7590864447144314,5.370275086184398
Country_87,24306.097924495512,2603383.120734119,100.22034402965126,30.52640817200645,138.95080637772256,68.21348483058993,65.92147895213118,0.8990934519665454,5.303054500184653,4.749303511091717
Country_88,12022.093146726857,7900809.730582817,178.09714910453198,36.0409463644948,215.78566653063348,49.661428534803264,74.20509652870723,0.6203886069155633,6.400066487937151,4.762986688234141
Country_89,4291.0543694085745,4982726.562083884,147.36584473346787,31.965237212640535,87.38806453579825,75.11953732143692,28.244188925797214,0.8105009833443815,4.290044398554732,4.872835591884629
Country_90,15001.731694726392,1284590.7206782443,214.1605581040179,6.039203154803854,236.34863953551272,74.65372774305936,97.44908344810219,0.776491659459133,6.295046390657085,6.491859075658951
Country_91,9104.21761416117,2392421.5802906784,118.94787965328577,21.767561927151583,107.8244023444137,82.02776208420174,78.50771978067638,0.7982933356623676,3.83712558298689,5.499414328929579
Country_92,25909.733519178986,1560471.5325556172,222.95270953077235,42.33910425225104,103.01652740277174,67.52419229210169,67.42518626492837,0.6733781170150474,3.9175431671031533,5.7624462034237585
Country_93,3489.5786852386836,1350455.991121243,118.01135418175373,8.575359616064851,69.56412416235845,94.17125862670656,72.60642218420816,0.9519124506698898,6.595632065429697,5.0012396222648885
Country_94,5468.750404560385,11691856.66067978,306.32015727284886,24.114210026316805,170.99685096241996,93.47453036747099,58.22302367175194,0.8091976246051973,4.085078207043461,5.52011895444052
Country_95,5061.763484265784,5584599.22619126,128.0208378782068,10.682136950093097,135.32063616860628,65.80244741886234,58.1327201695886,0.7134767334452071,5.129819370057079,5.009859030061712
Country_96,1399.376504172817,1156184.1410666138,17.722289074051353,39.39974320667166,285.07406702268077,91.73352871459612,77.78199141771105,0.7553294891222129,6.733257362886221,4.335036403204899
Country_97,11560.441487733191,12602424.992801754,67.4588471575559,25.572263337086575,64.04078881379918,64.49694968807222,77.34919890456948,0.8154548824555224,6.241223077393553,3.9546388881525543
Country_98,11084.093334689122,5183283.43566318,169.05579501052713,38.40811292272226,171.45101291908404,43.082296103399145,64.60651956136407,0.9033831251307398,3.872201072452491,5.293373355502327
Country_99,8152.958512000024,11064951.831848945,490.2919928760329,36.614580595245386,255.67953600626905,33.9468808701439,54.176060814881744,0.8956964924007681,9.779744464675716,5.651314300047718
Country_100,6114.971821096512,8405890.456564836,298.3097851771503,58.16434885743039,476.22685257627427,76.88154902613252,71.94765298961312,0.9169656055991041,1.6800312754678024,5.862049279978624
Country_101,1482.603747004747,942703.8709534664,13.166968193853057,56.217756127095306,149.84282861527083,73.08692548564912,61.74123977956526,0.9791623965547148,0.3068990970067319,3.259530617138928
Country_102,4891.359756757836,1410886.0083198189,39.3822382107124,8.84444403006964,106.52624734071445,83.74225525247606,82.75897939184463,0.8826581266976535,7.424747516962055,4.523233471738644
Country_103,5370.856006829659,10028488.068866508,362.22295066324637,34.46235300029249,147.5665209608721,76.98080673059162,47.40022512105624,0.9571691047913611,6.169349897151706,4.794143243106176
Country_104,3094.1461819616525,8166536.093354551,262.4324494158063,60.95654722173228,272.4431107209931,33.827990157727655,49.17242687258191,0.7725509625669367,2.506319756890252,4.888438309740721
Country_105,6677.220893122062,3168115.8784902794,665.2682800591422,31.413097652619683,272.3796827505133,44.70766669624619,56.904401248585465,0.7802576588889492,5.702546800566808,5.4629701779073585
Country_106,13158.997552785548,3898065.938788646,114.11909472848485,64.79463612947148,123.92354827326248,71.24866131457946,48.079684301401464,0.8094867317542703,3.5381655829906564,5.367836478623641
Country_107,77918.84236177367,22219866.71388258,79.26586418251173,22.650191954925244,269.743284173384,95.9275699784908,12.37103189161465,0.8801449745241036,7.115142660093131,5.603531824798764
Country_108,9991.533620223741,1345993.4417109902,176.07760393940634,45.32267059451018,131.47486610837035,95.94198674642516,82.42442514954577,0.6819981667977282,0.3875693423749467,4.852882267851778
Country_109,11037.57311214658,7427100.303081912,112.29392444249844,59.96218506997747,214.4206676905998,72.33422106704175,65.70849065475562,0.8921480533907398,4.539171140187543,4.892871727242766
Country_110,7410.586767708003,2413795.641123404,339.6997182955537,13.623186235398354,183.1412335914158,53.8279394676418,58.44016021658261,0.7547672639533222,3.762008116052625,5.3905500684513745
Country_111,810.3567166438111,2358362.771020711,109.11379421312293,23.613794976558218,103.83613888255022,40.76670682010462,45.44421155124448,0.7707310171614188,8.386487510730323,4.906405691362556
Country_112,7849.329157339171,16990506.043348093,134.19732202663462,60.46614565204121,71.30952448016501,52.70375602307295,85.41832817963508,0.7436346970942098,1.2739414883993958,4.1731386978398675
Country_113,8710.428386474554,11275294.057289323,69.5514703484422,29.20487185984639,259.45001685847075,41.81646823992165,50.39592429543992,0.7175842037608486,5.483291792920946,5.275447550063001
Country_114,155731.79362950748,11075704.17205367,284.7389927444286,40.04222737895427,300.11446877866865,91.64973499874228,57.262348844460384,0.7765441008034324,7.372574150055738,6.654951699322524
Country_115,6432.8106850743825,23166508.87590023,73.71216087325347,45.07710944195558,169.08901713916347,46.10802190988407,55.790926524485926,0.8382180753229483,13.985527084005511,4.235172310120502
Country_116,11635.974298259867,3373649.8656670293,225.94123425882094,18.480186641013244,131.36751140380255,51.25776489231825,68.27585074550329,0.45038180692778507,3.9095524328430855,5.997005468805929
Country_117,7772.490163291881,9092218.146862749,545.3374889568992,41.01929338053977,58.375360049164286,89.24473321366719,44.85624836999024,0.8239466120222346,6.46474234149784,5.5536712363482605
Country_118,1993.3787750340769,2052563.1046743158,26.35151456286417,34.973434990572,255.71650578205558,24.58046376407673,81.37117920381034,0.9383459726421484,1.3449710860713495,3.8795600795382446
Country_119,31932.74902660715,5316094.784685848,444.01616813481183,17.561919698936396,157.82700618269402,74.63123358418102,59.80404132243405,0.7248504532549319,5.3151940937686994,4.940634458043981
Country_120,19976.6553686664,2689283.659278381,205.48616504144866,20.52622268743936,113.29134636145719,49.96036550836941,87.72836602271975,0.927084001068298,10.182515749318977,5.484225445629081
Country_121,20936.269913711603,3780980.583162981,59.50072545213726,60.85560017364286,217.87721256908563,66.91145193582861,59.79453529092253,0.8694064156055633,14.061248998478401,4.998031744825103
Country_122,2720.9464389021696,7982287.14615708,181.19213708636795,14.165877053537306,50.863638637306096,87.15984235473222,73.93763548700588,0.9353884112606088,6.824874946678733,4.055006364813253
Country_123,43623.5828046309,958063.1517139293,279.0173791969885,43.593946275941,67.19918475781203,43.6357008747524,44.9946759399692,0.7062696490267235,1.6721306015866155,5.04968962397545
Country_124,1506.8531138752144,75419838.88296819,84.02816405926549,30.82365330185971,85.29828817826387,45.83711497722204,81.73536880173121,0.8194471814810484,11.098660729861047,4.600639096949204
Country_125,16386.752492852225,722862.228566903,235.2430393225642,45.50063988010734,179.84933533874772,29.762756317958537,89.27589512839864,0.6175372763591018,1.6839864031849539,4.506261323714731
Country_126,112257.06583987754,528985.9129059142,468.5557345045105,42.754908476185065,148.54018566552787,77.27683536682608,13.928003327373425,0.7430609768943247,2.3342238249094223,6.335182474657526
Country_127,2468.476431230614,18572012.668488394,108.99710165974868,27.81861683282088,192.16262886822938,44.75043565992083,85.56121670977873,0.9102322928209194,11.62694528530574,4.545909591720209
Country_128,4106.977865465761,10718631.436423661,68.77282117147695,18.524055235766117,246.0135088888159,91.03190264661909,56.45743151430367,0.5726701678175461,5.081891377114349,4.921478124563681
Country_129,9132.38017723289,8336714.280778456,150.9493469856976,55.53171992560851,196.13302028504185,50.93345372731505,94.72531371350624,0.8377929563728286,3.6294239748397823,5.001492626040974
Country_130,4428.557614322446,8389724.690468026,173.96472720273147,50.31820579410835,356.3940472100108,72.42506738767808,55.0425976016208,0.6544871667647941,7.9561570105494015,5.410227224257594
Country_131,1260.4245438033797,3209513.2263628175,351.5929908106794,32.184672035858476,245.6919385440106,29.408566073620797,80.47192178414988,0.5697989086154545,5.888114135331742,4.640330278546982
Country_132,8797.963645494796,850958.3319887372,147.08883376690173,29.40375021670958,123.74380120864541,63.2366583841701,69.95128125096605,0.9019535515131071,9.672704883645315,4.952911703341203
Country_133,2264.785980322126,3662684.246634935,117.40763744886127,12.544938510343313,94.22626795283026,75.20331341783144,50.61416426249091,0.8681251145864931,6.051385239578714,4.6572934911663415
Country_134,14304.23486429515,1183820.4461700642,67.1754086899621,44.44012505601111,126.0770848883595,54.43782819122632,79.98335429238364,0.6134871030628263,6.134114460283561,4.889330590960795
Country_135,2688.371553715932,14114025.822768169,31.309122410342887,57.57688148776429,200.05346956778993,49.71823887800292,33.23219563605394,0.6750127365749063,9.480196547020684,4.287627633078371
Country_136,52047.981122605735,2621910.812721212,49.442042280393835,12.381086556612015,100.84316823783558,56.79783846507698,72.68854842745134,0.85013260451924,5.039394391433375,4.587931063417129
Country_137,3165.594172532415,947662.9734711172,49.14873816971529,14.174247492062756,203.2116261371641,41.2818428875537,60.548216253774875,0.8955969483005396,2.927575168773299,4.112788302695238
Country_138,5505.62832919259,2018613.075995423,135.34963697573423,18.727519902269187,190.15342007319265,67.34022899065567,80.43094035888514,0.672732989092134,8.218348060930419,4.668872614242341
Country_139,21508.869433607462,6073205.917870267,38.18292143067265,19.126728643193612,70.61091966169755,63.65677257612204,63.8772556871864,0.8877931472238526,4.436075806970755,4.465720633608815
Country_140,1850.0405195264664,1403406.6647536021,159.7550347718999,27.50086185191396,243.1117666448039,11.760537701883061,67.76224205864337,0.8572157457387961,6.340929816165646,5.486241569270094
Country_141,10646.132094175815,952332.3944336505,537.4544118730595,25.947326522222518,165.62673723065703,71.45296963705273,68.84090772288177,0.7868705871146282,1.1102579459964939,5.457954346047053
Country_142,38893.06768598176,4711565.63452109,358.5124038047505,11.601733753096195,346.7792236968685,64.88784434672527,53.68677972877516,0.9293314896750419,4.913312440334288,5.654776536302005
Country_143,1177.3484568314063,4720615.995950938,134.30754987848775,58.78548997680135,131.7540061987844,71.8559163505503,67.69778925765141,0.6923979840104707,3.7991806502937404,4.588674160373598
Country_144,10112.8344144976,1528175.712124846,768.5145974047892,14.184427607987107,110.07917148615805,53.141605764133246,90.23502226024203,0.7655765843517598,1.0803969426533977,6.367211862519141
Country_145,11068.509274649557,1612735.7871839912,174.4292234972594,26.709409153878365,64.47800089185188,74.10260735841277,66.45789972497279,0.7548913577432731,5.009343287677617,4.359212694023642
Country_146,20706.179186497146,4630034.632409322,193.56951635747077,16.934940183695034,63.77028768197849,28.023772623171684,54.22554175467324,0.8148618158930706,5.113922685050435,6.224935584067667
Country_147,1836.57765195902,372455.7388095273,148.71585100765802,50.51295998717548,226.95025967770272,86.60496145625795,78.34272162821038,0.7642954034067138,6.612560011033148,4.901528823518558
Country_148,1661.4600854412065,395855.4262839089,162.47389608408932,21.522630115591284,327.4507572787798,69.6550350616664,51.52464231605459,0.6179315922848664,10.086655968965662,5.427863962804391
Country_149,15158.699624059962,1112737.4051247013,105.89411858280843,30.267928438841164,124.98562544959864,53.32505424379942,87.41002508649224,0.8283542451905974,9.184552239094335,5.766861487010058
Country_150,11572.439070651619,2373388.579746578,135.86880498677257,60.43368946581595,120.01865385161992,50.25888668482802,83.55660596861819,0.9627623777954605,3.973980743841792,5.4959299849527845
Country_151,10944.490089342115,5211411.760856293,445.9911451851637,22.644282471136645,139.1352467662444,67.07095484484236,54.89385043743192,0.8405195644788963,5.963066957359686,5.452013850888257
Country_152,12280.130778953886,29889993.757898808,384.8439769601088,33.00102349170474,252.47835713410484,75.8306636172283,52.29581997183194,0.8702176401092195,7.172864358351834,6.301041805454684
Country_153,3583.0523723802316,11834025.237028971,16.719944403160696,15.526763571837746,71.04393768272148,46.864060479204426,72.22003184749315,0.8139341591989703,4.0477787539136045,3.8844810115611845
Country_154,10707.55061558226,2571737.2597404313,42.99440081952753,26.40383541633144,153.75843476107102,86.11776497523269,86.65467582095184,0.9457152252610107,1.8064441699538172,5.157990478357202
Country_155,11518.237963091897,3177088.2420646856,85.06756007927946,38.70555710169233,229.85977915524174,63.206318927758474,76.31925157553293,0.9512504836995892,4.6810407102539,5.648552231697009
Country_156,3438.4576709792627,726654.1731549184,318.99549177549136,12.195815794277094,178.57510929404125,58.253848706130206,62.64396369382405,0.8191508758152933,10.324386969156803,4.581927424786588
Country_157,76033.507736462,3179486.6026384416,390.6169738718474,23.073436812794025,12.00518570630187,26.17056350895136,61.80332482502078,0.8034152675462705,1.7388886702393247,6.205575357027571
Country_158,14308.363495282834,2120181.045069845,278.2727617660398,33.743284497625055,196.69344507415633,87.91872148762488,62.11414274470136,0.844926462329375,2.7205230538497727,5.408872995963971
Country_159,1939.9855495747474,5304562.411128519,59.26955857498311,7.241046297913235,179.57981505088628,62.25428722389632,67.58423348143396,0.6393738407969995,3.141111833666165,4.361440064302299
Country_160,17816.215956587985,945201.6639094517,107.70811003970498,37.82207354851398,279.8804442196655,63.11522700119442,56.92833736899649,0.7019927770062927,2.742543924024327,5.418985165672834
Country_161,2515.8902492075154,7124283.882594807,238.16379589647445,31.943439979757688,313.0520375644871,56.45268231741601,94.33506091722963,0.9270067408825077,7.976381671203546,5.242052524417759
Country_162,20837.33324715429,32576716.37403807,137.5261801936569,19.725972017809696,272.09050264059806,26.342191947031342,77.804432879981,0.84135682871651,3.5289576383205734,6.30372720378805
Country_163,32542.90640851634,2776938.9372899407,122.80945810636854,28.717210051402102,139.5877881520699,79.58356475735715,73.23010795519573,0.7446281244095527,8.098850925666838,4.642020900087805
Country_164,3026.5578147109445,5971851.570813535,124.2744232576045,60.08221918617068,40.64284668012921,64.42216133566791,82.77392489760442,0.825882448593918,5.479524320625321,3.5441458898078846
Country_165,25746.432558925557,9204619.058196953,365.6072812896932,9.712260572285624,119.48174345447822,45.22460133956507,41.92039089993765,0.6755082493199084,1.4222180640392907,4.689353589414766
Country_166,13297.576935665717,1790793.3504537186,255.5598937547327,27.500735391621127,136.9252383995691,61.56160981405062,78.5842991819594,0.7934778661113576,4.105115878364711,5.894709221347123
Country_167,21730.502376090608,4575098.20811325,129.8132676804551,50.459339921231006,325.14324364764366,48.68924549025166,82.9990197909575,0.6660972289300813,9.339430378184137,5.214143262237107
Country_168,78916.9710334104,3331351.385726053,212.41520048334922,15.951835961325392,81.43442201154274,63.09102573772088,41.20965120124349,0.8154716903913094,5.853986995805004,5.748936995775516
Country_169,6036.225997556367,3784839.909125495,51.70650810212314,21.444346597451258,51.98658699793515,73.9154225604295,82.56444898335306,0.8054395572271532,4.3079397595365565,4.260670743536065
Country_170,3279.7307276220577,1025289.2483080243,107.8816360951011,46.315732764973994,101.26290226558872,47.80159585335284,77.60423967431943,0.9104714412094349,10.39391333296458,4.067794789639649
Country_171,2786.6144646368903,3391440.3169764658,342.08554473974425,27.810240669822207,84.41170542538745,60.261806119028506,60.94147714871563,0.9140058519591272,2.533123119729678,5.311361503024045
Country_172,3044.30422970029,6899761.728488837,35.655518270002226,18.504053848273198,48.31606530074209,87.06517095391185,53.95520150180745,0.931403698359631,3.6151847789234197,3.860689076107385
Country_173,7387.007174068315,28823898.547841214,257.78230264263095,11.455555890742458,126.66224978223084,48.31674530015402,46.298545317618085,0.7497131442840277,8.848228836066852,5.038231138643036
Country_174,12202.332119387675,13782445.003549611,16.48306062751492,42.289505550988835,140.1784182323808,40.969991243720344,35.856512639176984,0.8767546950658885,7.882505274439728,4.313622502705984
Country_175,11294.023366895019,82620937.43946996,495.6172151703479,64.40679634524122,46.220850480702666,53.4439918230908,80.19986691417394,0.8458275319568127,2.3830724494497497,5.723829059864451
Country_176,21864.506621758643,1034034.4551264537,105.75160578707626,30.83255266751108,109.64649637939023,27.264312728125677,43.10546613001058,0.8199250653884996,7.032248135826412,4.600668798766509
Country_177,8230.501852573401,12097156.16286282,223.68765976161015,41.05774245043222,80.86645314861455,89.61852867936771,47.073723838905465,0.6816998256675986,3.4905415854891606,5.428179759186252
Country_178,46362.25292520307,4303817.633845007,181.85260043607363,19.605420588440754,31.353359715670827,38.02991567672462,91.9168868061254,0.7792041304545926,1.0342032400587744,6.145480843964644
Country_179,5898.254862446345,87286328.05884042,186.8333022967259,13.887477350878246,142.94741589644215,92.68316880581106,73.69590052980789,0.8874135787074946,4.362562084844139,4.283110741312605
Country_180,211970.62864052228,972429.2215872366,209.64542987244852,9.852676123919558,151.50930095917278,31.030188676842524,67.3119563657657,0.9849740759029671,14.56277515553508,6.301540247172195
Country_181,17167.97171484245,927656.9121999046,29.02484785004552,36.726113123900355,80.87739792324116,62.692423845062685,65.31278012487684,0.8021227502626046,9.430756013942073,4.279035304157287
Country_182,2896.941870919824,1330294.6697140469,189.71277762531545,50.737933457377494,241.89822756811904,66.0660120064607,79.51206705333466,0.9194130637643484,5.180112433827794,5.3187806454533
Country_183,2241.563746322347,135152.14374342043,144.02498218988254,23.64619685412546,135.08100291034017,68.4847604260733,54.36637576037315,0.8610554871681401,1.655163074403559,3.960783607731879
Country_184,14457.475541681677,1485656.7190002545,106.2442000726616,40.56361401586,83.4530124057598,74.0334717769519,68.4377848017214,0.8536440818294603,1.0642317797862249,5.712218729523501
Country_185,6197.149192382535,1046855.0191930294,85.02732673038051,26.490977098893786,43.994655686371686,58.78167599777018,45.08873804189597,0.7311697462016047,5.48995496353627,3.66999130669255
Country_186,19087.722244378718,4096283.592333561,193.25024269838465,38.08117943964557,156.35502642766843,53.702797466037865,90.15339945813106,0.7367374929823204,6.765408179674339,5.278424959463507
Country_187,14298.145885546746,5458223.692064605,69.57965825475256,22.53317470448953,179.33321393878103,74.47132725220654,68.02257554878302,0.788324758933602,8.02965449850993,5.151422651206912
Country_188,7424.980257997068,54529710.551252194,337.9626611649347,4.515369517060627,97.65286804640255,71.91507333319923,46.283676164283975,0.8295739300670949,7.507562521201704,4.860903841831356
Country_189,2933.194961054972,13600753.550265629,235.42650636550982,16.436603283956178,145.6816561000208,56.9580036557377,61.71530345331859,0.6794023607436996,7.87766701606512,4.466176013756355
Country_190,1315.7779022785985,1375935.6308922493,201.9531526011608,19.143069972773937,313.0437253705414,82.7352997563824,77.2448834230322,0.7154804465236597,6.288672908321516,5.031808732816729
Country_191,4741.847266880119,849478.5698347087,328.44338078869015,26.164611414495308,220.78332633147778,60.84078130466867,58.899999573526976,0.98066782865255,10.268040841791652,5.33976201392582
Country_192,22644.642148372917,6837131.000662499,24.074259224539837,35.63937219389386,23.51124754015298,59.30336657369825,54.952481654826926,0.9437650653820604,3.7942342503429147,4.320413847006927
Country_193,10476.736355932797,451192.87574498134,50.04072411170179,8.07393667249193,82.81262196150256,76.48536852422518,76.97948953047636,0.5447739493713255,5.439875882531533,4.967840978599172
Country_194,1817.3114553110518,50992450.42158034,242.8264843719183,10.845747547886782,122.9008222858909,79.56254300123892,58.62654940722985,0.6562473055711492,1.4269397926084206,4.505037720759554
Country_195,9974.79919792311,19175810.656834118,89.43371155512946,24.552664654232526,139.70721490297066,48.808239164475715,81.71763319329017,0.715330805953402,3.741357563343932,5.031715816105305
Country_196,12866.481245051393,1617248.0397918334,99.52913850421402,54.53972463065507,147.58344316820057,43.641173004551426,61.9347173527869,0.8582109923597389,9.285078075732928,4.706334325353189
Country_197,2805.5954485704774,250270.6487756959,43.03891590973045,33.55411391283527,172.77071301776095,76.00294104554422,76.8794617185748,0.7662274670771995,7.73362572817051,3.8128537743975217
Country_198,9744.615228151879,24910714.279823594,69.76006209916552,11.193257488627385,125.44455303882584,79.94143153912302,84.87605250921366,0.7061751327013995,0.7322554828398494,4.595587577137384
Country_199,8689.324325549629,2752968.197517586,343.0523650817441,7.861861954219991,134.87832800174718,78.76315476371775,83.15783089847737,0.70888118231323,15.16900946244212,5.112396833965712
Country_200,2055.831447863353,20930635.727805126,238.81024213086928,22.324955997792298,227.27971643534275,40.33461568324989,41.58898109732938,0.7305306009529752,5.863146394455346,4.708052650565767
